{
    "events": [
      {
        "title": "Március 15-i Forradalom",
        "description": "A március 15-i forradalom 1848-ban Pesten kezdődött, amikor a magyarok reformokat és szabadságjogokat követelve tüntettek a Habsburg-uralom ellen.",
        "image": "parlament.jpg",
        "moreInfo": "Az 1848. március 15-i forradalom Pesten robbant ki, amikor a magyar polgárok és diákok a Habsburg-uralom ellen tiltakoztak, és követelték a politikai és társadalmi reformokat. A nap folyamán a tömeg a Landerer nyomdájából kihozta a 12 pontot, amelyek a sajtószabadságot, a felelős kormányt és a nemzet függetlenségét sürgették. A forradalom gyorsan elterjedt az országban, és a kormány kénytelen volt engedni a követeléseknek, ezzel megnyitva az utat a magyarországi reformok előtt."
      },
      {
        "title": "Nemzeti dal szavalása",
        "description": "A március 15-i forradalmi eseményeken Petőfi Sándor elszavalta a Nemzeti dalt, amely a magyar nép szabadságvágyát és összefogását hirdette, és az egyik legfontosabb jelképévé vált a forradalomnak.",
        "image": "elszaval.jpg",
        "moreInfo": "A március 15-i pesti forradalom során Petőfi Sándor a Nemzeti dalt elszavalva lelkesítette a tömeget, melyben a magyar szabadságért való küzdelem, az elnyomás elleni harc és a nemzeti összefogás üzenetét hirdette. A vers gyorsan a forradalom szimbólumává vált, és fontos szerepet játszott a magyarok lelkesítésében, akik a költő szavaival együtt vonultak az utcákra, hogy követeljék a politikai és társadalmi változásokat. A versben megfogalmazott eszmék nemcsak a márciusi események hevében, hanem hosszú távon is a magyar nemzeti identitás részévé váltak."
      },
      {
        "title": "Tizenkét pont kihirdetése",
        "description": "A március 15-i forradalom során a pesti tömeg a 12 pontot kihirdetve fogalmazta meg a reformok követelését, melyek a sajtószabadságot, a felelős kormányt és a nemzet jogait biztosító változásokat sürgették.",
        "image": "12pont.jpg",
        "moreInfo": "A március 15-i pesti forradalom során a forradalmárok, élükön a diákokkal, a Landerer nyomdájában kinyomtatott 12 pontot olvasták fel a közönségnek, amelyek a politikai és társadalmi reformok iránti követeléseket tartalmaztak. A pontok között szerepelt a sajtószabadság, a jobbágyfelszabadítás, az alkotmányos monarchia kialakítása és a magyar parlament függetlensége. A 12 pont szimbolizálta a magyar nemzet egységét és szabadság iránti vágyát, és gyorsan elterjedtek az országban, erősítve a forradalom támogatottságát."
      },
      {
        "title": "Helytartótanács felkeresése",
        "description": "A forradalmárok március 15-én a Helytartótanácshoz vonultak, hogy elfogadtassák követeléseiket.",
        "image": "helytartotanacs.jpg",
        "moreInfo": "Március 15-én délután a forradalmárok a Helytartótanács épületéhez vonultak, ahol határozott fellépésük eredményeként a hivatal kénytelen volt elfogadni a Tizenkét pont követeléseit. Ez a lépés biztosította a forradalom politikai sikerét."
      },
      {
        "title": "Táncsics Mihály kiszabadítása",
        "description": "A forradalmárok Táncsics Mihályt, a politikai rabot kiszabadították börtönéből, ezzel szimbolizálva a szabadság eszméjét.",
        "image": "tancsics.jpg",
        "moreInfo": "Március 15-én este a forradalom egyik szimbolikus eseményeként a tömeg Táncsics Mihály politikai foglyot kiszabadította a börtönéből. Ez az akció a szabadság és az igazságosság győzelmét hirdette, és erősítette a forradalom erejét a nép szemében."
      }
    ],
    "people": [
      {
        "name": "Petőfi Sándor",
        "description": "Petőfi Sándor (1823–1849) költő és forradalmár, aki a Nemzeti dal versével ösztönözte az 1848-as forradalmat. A szabadságharcban katonaként harcolt, és 1849-ben, Segesvárnál tűnt el.",
        "image": "petofi.jpg",
        "moreInfo": "Petőfi Sándor (1823–1849) költő és forradalmár, aki az 1848-as magyar szabadságharc egyik kiemelkedő alakja volt. Március 15-én a Nemzeti dal című versével ösztönözte a forradalmat. A szabadságharc alatt katonaként harcolt, és 1849-ben, Segesvárnál tűnt el, halála máig rejtély. Petőfi a nemzeti függetlenség és szabadság szimbólumává vált."
      },
      {
        "name": "Kossuth Lajos",
        "description": "Kossuth Lajos (1802–1894) politikus és államférfi, aki az 1848–49-es forradalom és szabadságharc egyik vezető alakja volt. A magyar függetlenségért és szabadságért harcolt, és 1849-ben száműzetésbe kényszerült.",
        "image": "kossuth.jpg",
        "moreInfo": "Kossuth Lajos (1802–1894) politikus, jogász és a magyar szabadságharc vezetője. Az 1848-as forradalom alatt a Magyar Királyság kormányzója lett, és a függetlenségért küzdött. A forradalom bukása után 1849-ben száműzetésbe kellett menekülnie. Kossuth a magyar nemzet jelképévé vált, aki a nemzeti függetlenség és szabadság megteremtéséért dolgozott."
      },
      {
        "name": "Széchenyi István",
        "description": "Széchenyi István (1791–1860) politikus, reformer és a modern Magyarország egyik megteremtője. A legfontosabb reformokat kezdeményezte, és a Lánchíd építésével is hozzájárult a nemzet fejlődéséhez.",
        "image": "szechenyi.jpg",
        "moreInfo": "Széchenyi István (1791–1860) a magyar reformkor kiemelkedő alakja, politikus és a magyar gazdaság modernizálásának szorgalmazója. A Lánchíd építése mellett számos fontos reformot kezdeményezett, például a közlekedési, pénzügyi és oktatási rendszer fejlesztését. Széchenyi hozzájárult Magyarország modernizálásához, és öröksége máig meghatározó."
      },
      {
        "name": "Bem József",
        "description": "Bem József (1794–1850) lengyel származású tábornok, az 1848–49-es szabadságharc egyik legkiválóbb katonai vezetője, az erdélyi hadjárat hőse.",
        "image": "bem.jpg",
        "moreInfo": "Bem József (1794–1850) lengyel tábornokként csatlakozott az 1848–49-es magyar szabadságharchoz. Az erdélyi hadjárat során briliáns hadvezéri képességeivel több győzelmet aratott az osztrák és orosz seregek felett. Bem az elszántság és a nemzetközi szabadságeszme szimbólumává vált."
      },
      {
        "name": "Batthyány Lajos",
        "description": "Batthyány Lajos (1807–1849) az első felelős magyar kormány miniszterelnöke, az 1848-as forradalom egyik vezetője, akit a szabadságharc után kivégeztek.",
        "image": "batthyany.jpg",
        "moreInfo": "Batthyány Lajos (1807–1849) az első felelős magyar kormány miniszterelnöke volt, aki kulcsszerepet játszott az 1848-as forradalom és az áprilisi törvények létrejöttében. A szabadságharc leverése után az osztrák hatalom bíróság elé állította, és 1849-ben kivégezték, így vértanúként vonult be a történelembe."
      }
    ],
    "locations": [
      {
        "name": "Pilvax Kávéház",
        "description": "A Pilvax Kávéház Pesten, a 19. század közepén fontos politikai és irodalmi találkozóhely volt, ahol az 1848-as forradalom előkészületei zajlottak.",
        "image": "pilvax.jpg",
        "moreInfo": "A Pilvax Kávéház a pesti reformkor és az 1848-as forradalom egyik legfontosabb helyszíne volt. Itt gyűltek össze a forradalmárok, köztük Petőfi Sándor és más irodalmi és politikai vezetők, hogy megvitassák a nemzeti ügyeket. A kávéház szerepe kiemelkedő volt a március 15-i események előkészítésében.",
        "lat": 47.494384,
        "lng": 19.055244
      },
      {
        "name": "Nemzeti Múzeum",
        "description": "A Nemzeti Múzeum Budapesten, a reformkor egyik központi intézménye, amely az 1848-as forradalom eseményeinek színhelye is volt.",
        "image": "muzeum.jpg",
        "moreInfo": "A Nemzeti Múzeum Budapesten a magyar kultúra és történelem kiemelkedő intézménye. 1848 március 15-én a forradalom pesti eseményei itt is zajlottak, hiszen a Múzeum előtt gyűltek össze a tömegek, hogy a nemzeti függetlenséget követelve elinduljanak a forradalom útján. A múzeum szerepe fontos volt a magyar nemzeti öntudat erősítésében.",
        "lat": 47.490615,
        "lng": 19.061897
      },
      {
        "name": "Landerer Nyomda",
        "description": "A Landerer Nyomda Pesten, az 1848-as forradalom idején fontos szerepet játszott, mivel itt nyomták ki a forradalom jelképévé vált Nemzeti dalt.",
        "image": "nyomda.jpg",
        "moreInfo": "A Landerer Nyomda Pesten, a reformkor egyik meghatározó intézménye volt. Itt nyomták ki 1848 március 15-én Petőfi Sándor híres Nemzeti dal versét, amely a forradalom szimbólumává vált. A nyomda fontos szerepet játszott a forradalmi eszmék terjesztésében, és a magyar sajtó szabadságának előmozdításában.",
        "lat": 47.493105,
        "lng": 19.056576
      },
      {
        "name": "Kossuth Lajos Tér",
        "description": "A Kossuth Lajos Tér, régebbi nevén Tér, Budapest egyik kiemelkedő helyszíne, ahol az 1848-as forradalom eseményei fontos szerepet játszottak.",
        "image": "lajoster.jpg",
        "moreInfo": "A Kossuth Lajos Tér a pesti városközpontban található, és az 1848-as forradalom egyik kulcsfontosságú helyszíne volt. Itt zajlottak a forradalmi események, a Tizenkét pont kihirdetése és a szabad sajtó követeléseinek megfogalmazása. A tér ma is emlékeztet a forradalomra, és szimbolikus szerepe van a magyar nemzeti történelemben.",
        "lat": 47.507905,
        "lng": 19.045195
      },
      {
        "name": "Pesti Vigadó",
        "description": "A Pesti Vigadó, mint kulturális központ, szintén fontos szereplője volt az 1848-as forradalmi eseményeknek.",
        "image": "vigado.jpg",
        "moreInfo": "A Pesti Vigadó Budapest szívében, a Dunaparton helyezkedik el, és 1848-ban a forradalmi eseményekhez kapcsolódóan kulturális és politikai találkozóhelyül szolgált. Itt tartották azokat a rendezvényeket, ahol a forradalom előkészítéséhez szükséges beszélgetések és viták zajlottak. A Vigadó tehát nemcsak a művészetek, hanem a politikai eszmék színhelye is volt a forradalom idején.",
        "lat": 47.497941,
        "lng": 19.050597
      }
    ]
  }
  